{"width=0.35, density=1.0 train / top1": 5.787259615384615, "width=0.35, density=1.0 train / top5": 20.318509615384617, "width=0.35, density=1.0 train / loss": 4.186173931757609, "_timestamp": 1657886712, "_runtime": 16, "width=0.35, density=1.0 val / top1": 9.395032051282051, "width=0.35, density=1.0 val / top5": 31.450320512820515, "width=0.35, density=1.0 val / loss": 3.8668772990886984, "width=0.35, density=0.7 val / top1": 1.001602564102564, "width=0.35, density=0.7 val / top5": 5.00801282051282, "width=0.35, density=0.7 val / loss": 4.60542814548199, "_step": 1, "_wandb": {"runtime": 18}}