{"width=0.35, density=1.0 train / top1": 13.135088990066226, "width=0.35, density=0.1 train / top1": 9.317867772108844, "width=0.35, density=0.3 train / top1": 10.627547554347826, "width=0.35, density=0.2 train / top1": 9.85054347826087, "width=0.35, density=1.0 train / top5": 36.82352028145695, "width=0.35, density=1.0 train / loss": 3.6558527141217363, "width=0.35, density=0.1 train / loss": 3.842309992329604, "width=0.35, density=0.3 train / loss": 3.76642086972361, "width=0.35, density=0.2 train / loss": 3.8087240302044414, "_timestamp": 1657892896, "_runtime": 108, "width=0.35, density=1.0 val / top1": 15.665064102564102, "width=0.35, density=1.0 val / top5": 41.65665064102564, "width=0.35, density=1.0 val / loss": 3.5046246540852084, "width=0.35, density=0.1 val / top1": 11.668669871794872, "width=0.35, density=0.1 val / top5": 34.54527243589744, "width=0.35, density=0.1 val / loss": 3.7372973821102042, "_step": 2, "_wandb": {"runtime": 129}}