{"width=0.35, density=1.0 train / top1": 12.937189569536423, "width=0.35, density=0.1 train / top1": 8.375850340136054, "width=0.35, density=0.3 train / top1": 10.377038043478262, "width=0.35, density=0.2 train / top1": 9.162703804347826, "width=0.35, density=1.0 train / top5": 37.108081539735096, "width=0.35, density=1.0 train / loss": 3.639075377129561, "width=0.35, density=0.1 train / loss": 3.938044484780759, "width=0.35, density=0.3 train / loss": 3.8087926869807034, "width=0.35, density=0.2 train / loss": 3.872503557930822, "_timestamp": 1657892585, "_runtime": 150, "width=0.35, density=1.0 val / top1": 15.46474358974359, "width=0.35, density=1.0 val / top5": 41.45633012820513, "width=0.35, density=1.0 val / loss": 3.4910913002796664, "width=0.35, density=0.1 val / top1": 10.346554487179487, "width=0.35, density=0.1 val / top5": 31.82091346153846, "width=0.35, density=0.1 val / loss": 3.8055349680093618, "_step": 2, "_wandb": {"runtime": 203}}