{"width=0.35, density=1.0 train / top1": 14.326923076923077, "width=0.35, density=0.1 train / top1": 8.90224358974359, "width=0.35, density=1.0 train / top5": 38.73197115384615, "width=0.35, density=1.0 train / loss": 3.5804835845262577, "width=0.35, density=0.1 train / loss": 3.904501299980359, "_timestamp": 1657890452, "_runtime": 45, "width=0.35, density=1.0 val / top1": 17.20753205128205, "width=0.35, density=1.0 val / top5": 43.17908653846154, "width=0.35, density=1.0 val / loss": 3.438526165791047, "width=0.35, density=0.1 val / top1": 11.07772435897436, "width=0.35, density=0.1 val / top5": 32.41185897435897, "width=0.35, density=0.1 val / loss": 3.780208789385282, "_step": 2, "_wandb": {"runtime": 64}}