{"width=0.35, density=1.0 train / top1": 1311.71875, "width=0.35, density=1.0 train / top5": 4468.359375, "width=0.35, density=1.0 train / loss": 801.8601448535919, "_timestamp": 1657884799, "_runtime": 16, "width=0.35, density=1.0 val / top1": 400.0, "width=0.35, density=1.0 val / top5": 1266.40625, "width=0.35, density=1.0 val / loss": 150.3274598121643, "width=0.35, density=0.7 val / top1": 39.0625, "width=0.35, density=0.7 val / top5": 195.3125, "width=0.35, density=0.7 val / loss": 179.61239051818848, "_step": 1, "_wandb": {"runtime": 17}}