{"width=0.35, density=1.0 train / top1": 11.961920529801324, "width=0.35, density=0.1 train / top1": 8.855495323129253, "width=0.35, density=0.3 train / top1": 10.580842391304348, "width=0.35, density=0.2 train / top1": 9.41321331521739, "width=0.35, density=1.0 train / top5": 35.12908733443709, "width=0.35, density=1.0 train / loss": 3.6901964028150043, "width=0.35, density=0.1 train / loss": 3.903423870501875, "width=0.35, density=0.3 train / loss": 3.8037048474602075, "width=0.35, density=0.2 train / loss": 3.84253851486289, "_timestamp": 1657890988, "_runtime": 77, "width=0.35, density=1.0 val / top1": 14.473157051282051, "width=0.35, density=1.0 val / top5": 38.86217948717949, "width=0.35, density=1.0 val / loss": 3.5618245601654053, "width=0.35, density=0.1 val / top1": 10.817307692307692, "width=0.35, density=0.1 val / top5": 32.48197115384615, "width=0.35, density=0.1 val / loss": 3.7963655850826163, "_step": 2, "_wandb": {"runtime": 98}}