{"width=0.35, density=1.0 train / top1": 14.413060897435898, "width=0.35, density=0.1 train / top1": 9.39102564102564, "width=0.35, density=1.0 train / top5": 38.93629807692308, "width=0.35, density=1.0 train / loss": 3.5843633810679116, "width=0.35, density=0.1 train / loss": 3.8706724863785964, "_timestamp": 1657890744, "_runtime": 46, "width=0.35, density=1.0 val / top1": 17.09735576923077, "width=0.35, density=1.0 val / top5": 43.439503205128204, "width=0.35, density=1.0 val / loss": 3.4341058119749412, "width=0.35, density=0.1 val / top1": 11.848958333333334, "width=0.35, density=0.1 val / top5": 34.44511217948718, "width=0.35, density=0.1 val / loss": 3.7507816155751548, "_step": 2, "_wandb": {"runtime": 67}}