{"width=0.35, density=1.0 train / top1": 13.976362179487179, "width=0.35, density=1.0 train / top5": 37.702323717948715, "width=0.35, density=1.0 train / loss": 3.6149294804304075, "_timestamp": 1657886817, "_runtime": 26, "width=0.35, density=1.0 val / top1": 6.931089743589744, "width=0.35, density=1.0 val / top5": 22.54607371794872, "width=0.35, density=1.0 val / loss": 6.299949584863125, "width=0.35, density=0.7 val / top1": 1.001602564102564, "width=0.35, density=0.7 val / top5": 4.987980769230769, "width=0.35, density=0.7 val / loss": 4.605439063830254, "_step": 2, "_wandb": {"runtime": 27}}