{"width=0.35, density=1.0 train / top1": 6.594551282051282, "width=0.35, density=1.0 train / top5": 23.45753205128205, "width=0.35, density=1.0 train / loss": 4.071418236463498, "_timestamp": 1657888343, "_runtime": 26, "width=0.35, density=1.0 val / top1": 1.642628205128205, "width=0.35, density=1.0 val / top5": 5.1983173076923075, "width=0.35, density=1.0 val / loss": 18.12502557803423, "width=0.35, density=0.1 val / top1": 1.001602564102564, "width=0.35, density=0.1 val / top5": 5.00801282051282, "width=0.35, density=0.1 val / loss": 4.605430260682717, "_step": 2, "_wandb": {"runtime": 27}}