{"width=0.35, density=1.0 train / top1": 6.159855769230769, "width=0.35, density=1.0 train / top5": 21.62860576923077, "width=0.35, density=1.0 train / loss": 4.144465635984372, "_timestamp": 1657888256, "_runtime": 17, "width=0.35, density=1.0 val / top1": 10.667067307692308, "width=0.35, density=1.0 val / top5": 33.463541666666664, "width=0.35, density=1.0 val / loss": 3.818392582428761, "width=0.35, density=0.1 val / top1": 1.001602564102564, "width=0.35, density=0.1 val / top5": 5.00801282051282, "width=0.35, density=0.1 val / loss": 4.605438917111128, "_step": 1, "_wandb": {"runtime": 18}}